{"time_last_update":1780489021,"weights":{"frec":0.7,"rece":0.3},"init_weights":{"frec":0.7,"rece":0.3},"norms":{"rece":{"beta":0.001,"mean":2.000744913118478,"var":0.9929664897102842},"frec":{"beta":0.001,"mean":20805.02997,"var":1.8911288440699439}},"score_map":{"TdJCjby0MIOb":{"frec":21.793481709738,"rece":0.9701123625241098,"final":15.546470905573832},"nkWwz4ocQjRw":{"frec":-0.021793459894167092,"rece":-0.03337804936896525,"final":-0.025268836736606536}}}